,time,name,x,y,speed
19966405,86400,1027198,13311.351114399999,12826.3483585,15.28
19966410,86400,1038585,12796.85,13458.04,15.28
19966426,86400,1110104,14445.661272100002,12855.3838509,15.28
19966433,86400,115697,13773.543512399998,13259.7214043,15.28
19966515,86400,335936,12796.85,13458.04,15.28
19966533,86401,1027198,13323.3709896,12816.914324500001,15.28
19966538,86401,1038585,12796.85,13458.04,15.28
19966554,86401,1110104,14453.7916609,12842.446495,15.28
19966561,86401,115697,13766.47,13250.01,15.28
19966643,86401,335936,12796.85,13458.04,15.28
19966661,86402,1027198,13335.390864899999,12807.4802905,15.28
19966666,86402,1038585,12796.85,13458.04,15.28
19966682,86402,1110104,14461.9220496,12829.509139,15.28
19966688,86402,115697,13766.47,13250.01,15.28
19966770,86402,335936,12796.85,13458.04,15.28
19966788,86403,1027198,13347.4107401,12798.046256399999,15.28
19966793,86403,1038585,12794.310231799998,13468.430091100001,15.28
19966809,86403,1110104,14470.0524384,12816.5717831,15.28
19966815,86403,115697,13766.47,13250.01,15.28
19966896,86403,335936,12800.9814685,13448.174130399999,15.28
19966914,86404,1027198,13359.4306154,12788.6122224,15.28
19966919,86404,1038585,12790.6819916,13483.273078400001,15.28
19966935,86404,1110104,14478.1828271,12803.6344272,15.28
19966941,86404,115697,13766.47,13250.01,15.28
19967022,86404,335936,12806.883566299999,13434.080030899999,15.28
19967040,86405,1027198,13371.450490700001,12779.178188400001,15.28
19967045,86405,1038585,12787.0537514,13498.1160657,15.28
19967061,86405,1110104,14486.313215900002,12790.6970713,15.28
19967067,86405,115697,13766.47,13250.01,15.28
19967147,86405,335936,12812.7856642,13419.985931399999,15.28
19967165,86406,1027198,13383.470365899999,12769.7441544,15.28
19967170,86406,1038585,12783.4255111,13512.959053,15.28
19967186,86406,1110104,14494.443604600001,12777.7597154,15.28
19967192,86406,115697,13765.238908899999,13250.915095999999,15.28
19967272,86406,335936,12813.99,13417.11,15.28
19967290,86407,1027198,13393.780641700001,12761.916286700001,15.28
19967295,86407,1038585,12779.797270899999,13527.8020403,15.28
19967317,86407,115697,13752.927998,13259.9660557,15.28
19967397,86407,335936,12813.99,13417.11,15.28
19967415,86408,1027198,13406.2161139,12753.037242299999,15.28
19967420,86408,1038585,12776.1690307,13542.6450276,15.28
19967442,86408,115697,13740.6170871,13269.0170154,15.28
19967522,86408,335936,12813.99,13417.11,15.28
19967540,86409,1027198,13418.6515861,12744.1581979,15.28
19967545,86409,1038585,12772.5407904,13557.488014899998,15.28
19967567,86409,115697,13728.3061762,13278.0679751,15.28
19967647,86409,335936,12813.99,13417.11,15.28
19967665,86410,1027198,13431.0870583,12735.279153399999,15.28
19967670,86410,1038585,12768.9125502,13572.331002200002,15.28
19967692,86410,115697,13715.9952653,13287.1189349,15.28
19967772,86410,335936,12813.99,13417.11,15.28
19967790,86411,1027198,13443.5225306,12726.400109,15.28
19967795,86411,1038585,12765.28431,13587.173989500001,15.28
19967817,86411,115697,13708.2,13292.85,15.28
19967897,86411,335936,12816.803370200001,13408.384338299998,15.28
19967915,86412,1027198,13455.9580028,12717.5210646,15.28
19967920,86412,1038585,12761.6560698,13602.016976800001,15.28
19967942,86412,115697,13708.2,13292.85,15.28
19968022,86412,335936,12821.4923206,13393.8415689,15.28
19968040,86413,1027198,13468.393475,12708.6420202,15.28
19968045,86413,1038585,12758.0278295,13616.8599641,15.28
19968067,86413,115697,13708.2,13292.85,15.28
19968146,86413,335936,12826.181271,13379.2987994,15.28
19968164,86414,1027198,13478.919131999999,12700.9624009,15.28
19968169,86414,1038585,12754.3995893,13631.7029514,15.28
19968191,86414,115697,13708.2,13292.85,15.28
19968270,86414,335936,12830.8702214,13364.75603,15.28
19968288,86415,1027198,13491.197396000001,12691.8672026,15.28
19968293,86415,1038585,12750.7713491,13646.5459387,15.28
19968315,86415,115697,13708.2,13292.85,15.28
19968394,86415,335936,12835.5591718,13350.2132605,15.28
19968412,86416,1027198,13503.4756601,12682.772004299999,15.28
19968417,86416,1038585,12747.1431088,13661.388926,15.28
19968438,86416,115697,13705.6554441,13294.5424454,15.28
19968517,86416,335936,12840.2481222,13335.6704911,15.28
19968534,86417,1027198,13515.7539241,12673.6768061,15.28
19968539,86417,1038585,12743.75,13675.27,15.28
19968560,86417,115697,13692.932664700002,13303.0046721,15.28
19968639,86417,335936,12844.937072499999,13321.1277216,15.28
19968656,86418,1027198,13526.961530899998,12667.638539200001,15.28
19968661,86418,1038585,12743.75,13675.27,15.28
19968682,86418,115697,13680.2098852,13311.4668989,15.28
19968761,86418,335936,12849.6260229,13306.5849521,15.28
19968778,86419,1027198,13541.390358200002,12662.609887100001,15.28
19968783,86419,1038585,12743.75,13675.27,15.28
19968804,86419,115697,13667.487105799999,13319.929125700002,15.28
19968883,86419,335936,12854.3149733,13292.042182700001,15.28
19968900,86420,1027198,13555.819185499999,12657.581235,15.28
19968905,86420,1038585,12743.75,13675.27,15.28
19968926,86420,115697,13654.764326299997,13328.3913525,15.28
19969005,86420,335936,12859.0039237,13277.499413200001,15.28
19969022,86421,1027198,13570.248012799999,12652.552583,15.28
19969027,86421,1038585,12743.75,13675.27,15.28
19969048,86421,115697,13642.0415468,13336.8535793,15.28
19969127,86421,335936,12863.6928741,13262.9566438,15.28
19969144,86422,1027198,13584.676840200002,12647.5239309,15.28
19969149,86422,1038585,12743.75,13675.27,15.28
19969170,86422,115697,13629.3187674,13345.315806100001,15.28
19969249,86422,335936,12864.73,13259.74,15.28
19969266,86423,1027198,13593.8769083,12639.1427702,15.28
19969271,86423,1038585,12740.1988491,13688.5555873,15.28
19969292,86423,115697,13616.5959879,13353.778032799999,15.28
19969371,86423,335936,12864.73,13259.74,15.28
19969388,86424,1027198,13603.405088799998,12627.197387100001,15.28
19969393,86424,1038585,12736.253125799998,13703.317351,15.28
19969414,86424,115697,13606.64,13360.4,15.28
19969493,86424,335936,12864.73,13259.74,15.28
19969510,86425,1027198,13612.9332692,12615.2520041,15.28
19969515,86425,1038585,12732.3074025,13718.079114700002,15.28
19969535,86425,115697,13606.64,13360.4,15.28
19969614,86425,335936,12864.73,13259.74,15.28
19969631,86426,1027198,13622.4614497,12603.306621,15.28
19969636,86426,1038585,12728.3616793,13732.8408784,15.28
19969656,86426,115697,13606.64,13360.4,15.28
19969735,86426,335936,12864.73,13259.74,15.28
19969752,86427,1027198,13631.989630200002,12591.361238,15.28
19969757,86427,1038585,12724.415956,13747.602641999998,15.28
19969777,86427,115697,13606.64,13360.4,15.28
19969856,86427,335936,12871.949467899998,13265.3907971,15.28
19969873,86428,1027198,13641.121128600002,12583.251238200002,15.28
19969878,86428,1038585,12723.85,13749.72,15.28
19969898,86428,115697,13606.64,13360.4,15.28
19969977,86428,335936,12883.981914299999,13274.8087921,15.28
19969994,86429,1027198,13653.543385699999,12574.3537145,15.28
19969999,86429,1038585,12723.85,13749.72,15.28
19970019,86429,115697,13605.387833899998,13361.2757078,15.28
19970098,86429,335936,12896.0143608,13284.226787200001,15.28
19970115,86430,1027198,13665.9656428,12565.456190899999,15.28
19970120,86430,1038585,12723.85,13749.72,15.28
19970140,86430,115697,13592.866172999999,13370.0327854,15.28
19970219,86430,335936,12908.0468072,13293.6447823,15.28
19970236,86431,1027198,13678.387899899999,12556.5586672,15.28
19970241,86431,1038585,12723.85,13749.72,15.28
19970261,86431,115697,13581.86,13377.73,15.28
19970340,86431,335936,12913.1,13297.6,15.28
19970357,86432,1027198,13690.8101571,12547.6611436,15.28
19970362,86432,1038585,12723.85,13749.72,15.28
19970382,86432,115697,13581.86,13377.73,15.28
19970460,86432,335936,12913.1,13297.6,15.28
19970477,86433,1027198,13703.232414200002,12538.76362,15.28
19970482,86433,1038585,12721.009132,13760.0318323,15.28
19970502,86433,115697,13581.86,13377.73,15.28
19970579,86433,335936,12913.1,13297.6,15.28
19970596,86434,1027198,13715.6546713,12529.8660963,15.28
19970601,86434,1038585,12716.9507491,13774.7630212,15.28
19970615,86434,1110104,14495.901353799998,12445.3626486,15.28
19970621,86434,115697,13581.86,13377.73,15.28
19970698,86434,335936,12913.1,13297.6,15.28
19970715,86435,1027198,13728.076928400002,12520.968572700001,15.28
19970720,86435,1038585,12712.8923662,13789.494210100002,15.28
19970734,86435,1110104,14481.814065399998,12439.444312399999,15.28
19970740,86435,115697,13581.86,13377.73,15.28
19970817,86435,335936,12913.1,13297.6,15.28
19970834,86436,1027198,13740.499185600002,12512.071049,15.28
19970839,86436,1038585,12708.8339834,13804.2253991,15.28
19970853,86436,1110104,14470.404987099999,12434.180733399999,15.28
19970859,86436,115697,13581.86,13377.73,15.28
19970936,86436,335936,12919.2069206,13297.350870999999,15.28
19970953,86437,1027198,13752.921442700002,12503.1735254,15.28
19970958,86437,1038585,12704.7756005,13818.956588,15.28
19970972,86437,1110104,14456.569254499998,12427.6960668,15.28
19970978,86437,115697,13567.7620391,13383.6228684,15.28
19971055,86437,335936,12934.4742219,13296.7280486,15.28
19971072,86438,1027198,13765.3436998,12494.2760017,15.28
19971077,86438,1038585,12700.7172176,13833.687777000001,15.28
19971091,86438,1110104,14442.733521799999,12421.2114002,15.28
19971096,86438,115697,13553.664078200001,13389.515736799998,15.28
19971173,86438,335936,12949.7415233,13296.105226200001,15.28
19971190,86439,1027198,13777.765957,12485.3784781,15.28
19971195,86439,1038585,12696.658834799999,13848.4189659,15.28
19971209,86439,1110104,14428.897789200002,12414.7267336,15.28
19971214,86439,115697,13549.85,13391.11,15.28
19971290,86439,335936,12959.92,13295.69,15.28
19971307,86440,1027198,13790.1882141,12476.4809544,15.28
19971312,86440,1038585,12694.27,13857.09,15.28
19971326,86440,1110104,14415.062056499999,12408.242067000001,15.28
19971331,86440,115697,13549.85,13391.11,15.28
19971407,86440,335936,12959.92,13295.69,15.28
19971424,86441,1027198,13802.610471200001,12467.5834308,15.28
19971429,86441,1038585,12694.27,13857.09,15.28
19971443,86441,1110104,14401.226323899999,12401.757400299999,15.28
19971448,86441,115697,13549.85,13391.11,15.28
19971524,86441,335936,12959.92,13295.69,15.28
19971541,86442,1027198,13815.032728299999,12458.6859072,15.28
19971546,86442,1038585,12694.27,13857.09,15.28
19971560,86442,1110104,14387.390591200001,12395.272733700001,15.28
19971565,86442,115697,13549.85,13391.11,15.28
19971641,86442,335936,12959.92,13295.69,15.28
19971658,86443,1027198,13827.454985499999,12449.7883835,15.28
19971663,86443,1038585,12694.27,13857.09,15.28
19971676,86443,1110104,14376.29,12390.07,15.28
19971681,86443,115697,13549.85,13391.11,15.28
19971757,86443,335936,12959.92,13295.69,15.28
19971774,86444,1027198,13838.308395700002,12442.3142018,15.28
19971779,86444,1038585,12694.27,13857.09,15.28
19971792,86444,1110104,14362.7731127,12382.944541600002,15.28
19971797,86444,115697,13540.7256382,13392.0034459,15.28
19971873,86444,335936,12962.9139203,13295.0771566,15.28
19971890,86445,1027198,13851.4003743,12434.4352111,15.28
19971895,86445,1038585,12693.8972566,13861.658820200002,15.28
19971908,86445,1110104,14351.007544600001,12378.835550900001,15.28
19971913,86445,115697,13525.518368599998,13393.492522499999,15.28
19971989,86445,335936,12976.53,13292.29,15.28
19972006,86446,1027198,13863.19,12427.34,15.28
19972011,86446,1038585,12692.654778799999,13876.888221000001,15.28
19972024,86446,1110104,14336.4611796,12374.1577665,15.28
19972029,86446,115697,13510.3110989,13394.981598999999,15.28
19972105,86446,335936,12976.53,13292.29,15.28
19972122,86447,1027198,13874.880467899999,12434.5822691,15.28
19972127,86447,1038585,12691.412301,13892.1176218,15.28
19972140,86447,1110104,14321.914814700001,12369.479982100002,15.28
19972145,86447,115697,13497.898026800001,13395.7691786,15.28
19972221,86447,335936,12976.53,13292.29,15.28
19972238,86448,1027198,13887.29,12442.27,15.28
19972243,86448,1038585,12690.169823100001,13907.3470226,15.28
19972256,86448,1110104,14307.3684498,12364.8021977,15.28
19972261,86448,115697,13482.878295299997,13392.960965100001,15.28
19972337,86448,335936,12976.53,13292.29,15.28
19972354,86449,1027198,13887.29,12442.27,15.28
19972359,86449,1038585,12688.927345299999,13922.576423299997,15.28
19972372,86449,1110104,14292.8220849,12360.124413299998,15.28
19972377,86449,115697,13467.8585637,13390.1527516,15.28
19972453,86449,335936,12976.53,13292.29,15.28
19972470,86450,1027198,13887.29,12442.27,15.28
19972475,86450,1038585,12688.09,13932.84,15.28
19972488,86450,1110104,14278.27572,12355.4466289,15.28
19972493,86450,115697,13452.8388322,13387.344538,15.28
19972569,86450,335936,12976.53,13292.29,15.28
19972586,86451,1027198,13887.29,12442.27,15.28
19972591,86451,1038585,12688.09,13932.84,15.28
19972604,86451,1110104,14263.7293551,12350.768844600001,15.28
19972609,86451,115697,13440.205311700001,13384.7992929,15.28
19972685,86451,335936,12990.2363679,13291.1706336,15.28
19972702,86452,1027198,13887.29,12442.27,15.28
19972707,86452,1038585,12688.09,13932.84,15.28
19972720,86452,1110104,14251.250306099999,12347.1297235,15.28
19972725,86452,115697,13425.255935199999,13381.6378786,15.28
19972801,86452,335936,13005.4656656,13289.9268931,15.28
19972818,86453,1027198,13887.29,12442.27,15.28
19972823,86453,1038585,12688.09,13932.84,15.28
19972836,86453,1110104,14237.96,12343.97,15.28
19972841,86453,115697,13410.306558700002,13378.4764643,15.28
19972917,86453,335936,13020.694963400001,13288.6831526,15.28
19972938,86454,1038585,12688.09,13932.84,15.28
19972951,86454,1110104,14223.049476600001,12340.630136299998,15.28
19972956,86454,115697,13395.3571821,13375.31505,15.28
19973032,86454,335936,13035.9242611,13287.4394121,15.28
19973053,86455,1038585,12691.130187899998,13933.1504734,15.28
19973066,86455,1110104,14208.138953100002,12337.290272600001,15.28
19973071,86455,115697,13380.407805600002,13372.1536358,15.28
19973147,86455,335936,13046.57,13286.57,15.28
19973168,86456,1038585,12706.331127200001,13934.702840200001,15.28
19973181,86456,1110104,14193.228429700002,12333.9504088,15.28
19973186,86456,115697,13365.458429,13368.9922215,15.28
19973262,86456,335936,13046.57,13286.57,15.28
19973283,86457,1038585,12721.5320665,13936.255207,15.28
19973296,86457,1110104,14178.3179062,12330.6105451,15.28
19973301,86457,115697,13350.509052500001,13365.830807200002,15.28
19973375,86457,335936,13046.57,13286.57,15.28
19973396,86458,1038585,12725.3,13936.64,15.28
19973409,86458,1110104,14163.407382799998,12327.2706814,15.28
19973414,86458,115697,13335.559676,13362.669393,15.28
19973488,86458,335936,13046.57,13286.57,15.28
19973509,86459,1038585,12725.3,13936.64,15.28
19973522,86459,1110104,14148.4968593,12323.9308177,15.28
19973527,86459,115697,13320.610299400001,13359.5079787,15.28
19973601,86459,335936,13046.57,13286.57,15.28
19973622,86460,1038585,12725.3,13936.64,15.28
19973635,86460,1110104,14133.5863359,12320.590954000001,15.28
19973640,86460,115697,13305.6609229,13356.346564399999,15.28
19973714,86460,335936,13049.3097252,13287.9238988,15.28
19973735,86461,1038585,12725.3,13936.64,15.28
19973748,86461,1110104,14120.206218599998,12317.555897600001,15.28
19973753,86461,115697,13290.7115463,13353.1851501,15.28
19973826,86461,335936,13063.008351100001,13294.6933925,15.28
19973847,86462,1038585,12725.3,13936.64,15.28
19973860,86462,1110104,14105.337311700001,12314.0353854,15.28
19973865,86462,115697,13275.7621698,13350.0237359,15.28
19973938,86462,335936,13076.7069771,13301.4628863,15.28
19973959,86463,1038585,12734.294299299998,13938.416177000001,15.28
19973972,86463,1110104,14094.01,12316.79,15.28
19973977,86463,115697,13260.8127933,13346.862321600001,15.28
19974050,86463,335936,13090.4056031,13308.2323801,15.28
19974071,86464,1038585,12749.284798,13941.376471899997,15.28
19974084,86464,1110104,14080.607874500001,12313.7077062,15.28
19974088,86464,115697,13250.553806299999,13342.146429299999,15.28
19974161,86464,335936,13104.104229,13315.001873899999,15.28
19974182,86465,1038585,12764.275296799999,13944.3367669,15.28
19974195,86465,1110104,14074.246517299998,12308.244408600001,15.28
19974199,86465,115697,13244.4728375,13328.1285757,15.28
19974272,86465,335936,13117.802855,13321.7713677,15.28
19974293,86466,1038585,12779.2657955,13947.2970618,15.28
19974306,86466,1110104,14061.511690700001,12316.688494600001,15.28
19974310,86466,115697,13238.3918688,13314.110722200001,15.28
19974383,86466,335936,13131.5014809,13328.540861399999,15.28
19974404,86467,1038585,12794.2562943,13950.2573567,15.28
19974417,86467,1110104,14048.776864,12325.1325806,15.28
19974421,86467,115697,13232.3109001,13300.0928686,15.28
19974494,86467,335936,13145.2001069,13335.3103552,15.28
19974515,86468,1038585,12809.246793,13953.217651700003,15.28
19974528,86468,1110104,14036.0420373,12333.5766667,15.28
19974532,86468,115697,13226.229931299998,13286.075015100001,15.28
19974605,86468,335936,13146.11,13335.76,15.28
19974626,86469,1038585,12824.2372918,13956.177946599999,15.28
19974639,86469,1110104,14023.3072106,12342.0207527,15.28
19974643,86469,115697,13220.1489626,13272.057161499999,15.28
19974716,86469,335936,13146.11,13335.76,15.28
19974737,86470,1038585,12839.2277906,13959.138241600001,15.28
19974750,86470,1110104,14010.572384000001,12350.464838700002,15.28
19974754,86470,115697,13214.0679939,13258.0393079,15.28
19974827,86470,335936,13146.11,13335.76,15.28
19974848,86471,1038585,12854.218289299999,13962.098536500002,15.28
19974861,86471,1110104,13997.837557299998,12358.908924700001,15.28
19974865,86471,115697,13207.9870251,13244.0214544,15.28
19974938,86471,335936,13146.11,13335.76,15.28
19974959,86472,1038585,12869.208788099999,13965.0588315,15.28
19974972,86472,1110104,13985.1027306,12367.3530107,15.28
19974976,86472,115697,13201.9060564,13230.003600799999,15.28
19975049,86472,335936,13146.11,13335.76,15.28
19975070,86473,1038585,12884.199286799998,13968.0191264,15.28
19975083,86473,1110104,13972.3679039,12375.7970967,15.28
19975087,86473,115697,13195.825087700001,13215.9857473,15.28
19975111,86473,1282204,12629.499475499999,12007.9014279,15.28
19975160,86473,335936,13157.9318019,13338.8698513,15.28
19975181,86474,1038585,12899.189785600001,13970.9794213,15.28
19975194,86474,1110104,13959.6330773,12384.241182799999,15.28
19975198,86474,115697,13189.7441189,13201.9678937,15.28
19975222,86474,1282204,12617.051629000001,12016.763116099999,15.28
19975271,86474,335936,13172.7090543,13342.7571655,15.28
19975292,86475,1038585,12910.08,13973.13,15.28
19975305,86475,1110104,13946.898250600001,12392.6852688,15.28
19975309,86475,115697,13184.5216412,13190.690932,15.28
19975333,86475,1282204,12604.6037825,12025.6248043,15.28
19975382,86475,335936,13184.01,13345.73,15.28
19975403,86476,1038585,12910.08,13973.13,15.28
19975416,86476,1110104,13934.1634239,12401.1293548,15.28
19975420,86476,115697,13177.0798472,13177.3455919,15.28
19975444,86476,1282204,12592.155936,12034.4864924,15.28
19975493,86476,335936,13184.01,13345.73,15.28
19975514,86477,1038585,12910.08,13973.13,15.28
19975527,86477,1110104,13921.4285972,12409.573440799999,15.28
19975531,86477,115697,13169.6380532,13164.000251899999,15.28
19975555,86477,1282204,12579.7080896,12043.348180600002,15.28
19975604,86477,335936,13184.01,13345.73,15.28
19975625,86478,1038585,12910.08,13973.13,15.28
19975638,86478,1110104,13908.6937706,12418.017526799998,15.28
19975642,86478,115697,13162.1962592,13150.654911799998,15.28
19975666,86478,1282204,12567.260243100001,12052.2098687,15.28
19975715,86478,335936,13184.01,13345.73,15.28
19975736,86479,1038585,12910.08,13973.13,15.28
19975749,86479,1110104,13897.56,12425.4,15.28
19975753,86479,115697,13154.754465200002,13137.309571700001,15.28
19975776,86479,1282204,12554.8123966,12061.071556899999,15.28
19975825,86479,335936,13184.01,13345.73,15.28
19975846,86480,1038585,12911.6027467,13973.003404100002,15.28
19975859,86480,1110104,13888.458392299997,12413.126486399999,15.28
19975863,86480,115697,13147.3126713,13123.9642317,15.28
19975886,86480,1282204,12542.364550100001,12069.933245100001,15.28
19975935,86480,335936,13185.5378988,13345.712412,15.28
19975956,86481,1038585,12926.8302136,13971.7374456,15.28
19975969,86481,1110104,13896.1559025,12405.576556200002,15.28
19975973,86481,115697,13143.05,13116.32,15.28
19975996,86481,1282204,12529.9167036,12078.7949332,15.28
19976045,86481,335936,13200.816886499999,13345.5365323,15.28
19976066,86482,1038585,12942.0576805,13970.4714871,15.28
19976078,86482,1110104,13908.9071919,12397.157350799998,15.28
19976082,86482,115697,13143.05,13116.32,15.28
19976105,86482,1282204,12517.468857200001,12087.6566214,15.28
19976154,86482,335936,13216.095874200002,13345.3606526,15.28
19976175,86483,1038585,12952.42,13969.61,15.28
19976187,86483,1110104,13921.6584812,12388.738145399999,15.28
19976191,86483,115697,13143.05,13116.32,15.28
19976214,86483,1282204,12514.43,12089.82,15.28
19976263,86483,335936,13231.3748619,13345.1847728,15.28
19976284,86484,1038585,12952.42,13969.61,15.28
19976296,86484,1110104,13934.409770500002,12380.318940000001,15.28
19976300,86484,115697,13143.05,13116.32,15.28
19976323,86484,1282204,12514.43,12089.82,15.28
19976371,86484,335936,13246.653849600001,13345.008893100001,15.28
19976392,86485,1038585,12952.42,13969.61,15.28
19976404,86485,1110104,13947.161059900001,12371.8997346,15.28
19976408,86485,115697,13143.05,13116.32,15.28
19976431,86485,1282204,12514.43,12089.82,15.28
19976479,86485,335936,13251.77,13344.95,15.28
19976500,86486,1038585,12952.42,13969.61,15.28
19976512,86486,1110104,13959.912349200002,12363.480529200002,15.28
19976516,86486,115697,13141.0738088,13112.1838515,15.28
19976539,86486,1282204,12514.43,12089.82,15.28
19976587,86486,335936,13251.77,13344.95,15.28
19976608,86487,1038585,12952.42,13969.61,15.28
19976620,86487,1110104,13972.663638499998,12355.061323799999,15.28
19976624,86487,115697,13134.4865046,13098.396690000001,15.28
19976647,86487,1282204,12514.43,12089.82,15.28
19976695,86487,335936,13251.77,13344.95,15.28
19976716,86488,1038585,12955.4755063,13969.664931799998,15.28
19976728,86488,1110104,13985.4149278,12346.6421184,15.28
19976732,86488,115697,13127.8992005,13084.6095284,15.28
19976755,86488,1282204,12507.2453546,12095.515006,15.28
19976803,86488,335936,13251.77,13344.95,15.28
19976824,86489,1038585,12970.7530375,13969.939591,15.28
19976836,86489,1110104,13998.166217200001,12338.222913,15.28
19976840,86489,115697,13122.08,13072.43,15.28
19976910,86489,335936,13251.77,13344.95,15.28
19976931,86490,1038585,12986.030568799999,13970.2142502,15.28
19976943,86490,1110104,14010.9175065,12329.8037076,15.28
19976947,86490,115697,13122.08,13072.43,15.28
19977017,86490,335936,13259.2446883,13346.5307071,15.28
19977038,86491,1038585,13001.3081,13970.488909399997,15.28
19977050,86491,1110104,14023.6687958,12321.384502200002,15.28
19977054,86491,115697,13122.08,13072.43,15.28
19977124,86491,335936,13274.194064799998,13349.6921214,15.28
19977145,86492,1038585,13016.585631299999,13970.7635686,15.28
19977157,86492,1110104,14036.4200852,12312.9652968,15.28
19977161,86492,115697,13122.08,13072.43,15.28
19977231,86492,335936,13289.143441299999,13352.8535357,15.28
19977252,86493,1038585,13031.8631626,13971.0382277,15.28
19977263,86493,1110104,14049.1713745,12304.5460914,15.28
19977267,86493,115697,13122.08,13072.43,15.28
19977336,86493,335936,13304.092817899998,13356.01495,15.28
19977357,86494,1038585,13047.1406938,13971.3128869,15.28
19977368,86494,1110104,14060.57,12297.02,15.28
19977372,86494,115697,13122.08,13072.43,15.28
19977441,86494,335936,13319.042194399999,13359.1763642,15.28
19977462,86495,1038585,13051.43,13971.39,15.28
19977473,86495,1110104,14047.8187107,12305.439205399998,15.28
19977477,86495,115697,13116.0125219,13058.406301899999,15.28
19977545,86495,335936,13333.991570999999,13362.3377785,15.28
19977566,86496,1038585,13051.43,13971.39,15.28
19977577,86496,1110104,14035.0674213,12313.8584108,15.28
19977581,86496,115697,13109.945043700001,13044.382603799999,15.28
19977649,86496,335936,13348.9409475,13365.499192799998,15.28
19977670,86497,1038585,13051.43,13971.39,15.28
19977681,86497,1110104,14022.316132,12322.277616200001,15.28
19977685,86497,115697,13103.8775656,13030.3589057,15.28
19977753,86497,335936,13363.890324,13368.660607,15.28
19977774,86498,1038585,13051.43,13971.39,15.28
19977784,86498,1110104,14009.564842700001,12330.6968216,15.28
19977788,86498,115697,13097.8100874,13016.335207600001,15.28
19977856,86498,335936,13378.8397006,13371.8220213,15.28
19977877,86499,1038585,13051.43,13971.39,15.28
19977887,86499,1110104,13996.813553299999,12339.116027,15.28
19977891,86499,115697,13091.7426093,13002.3115095,15.28
19977958,86499,335936,13393.7890771,13374.983435600001,15.28
19977979,86500,1038585,13060.5962942,13971.2131523,15.28
19977989,86500,1110104,13984.062263999998,12347.5352324,15.28
19977993,86500,115697,13085.94,12988.9,15.28
19978060,86500,335936,13408.7384537,13378.1448499,15.28
19978080,86501,1038585,13075.8734511,13970.9184062,15.28
19978090,86501,1110104,13971.310974700002,12355.9544378,15.28
19978094,86501,115697,13085.94,12988.9,15.28
19978161,86501,335936,13423.687830200002,13381.3062641,15.28
19978181,86502,1038585,13091.150608,13970.623660100002,15.28
19978191,86502,1110104,13958.5596854,12364.3736432,15.28
19978195,86502,115697,13085.94,12988.9,15.28
19978262,86502,335936,13438.6372067,13384.4676784,15.28
19978282,86503,1038585,13100.67,13970.44,15.28
19978292,86503,1110104,13945.808396,12372.7928486,15.28
19978296,86503,115697,13085.94,12988.9,15.28
19978363,86503,335936,13444.6901247,13385.747717100001,15.28
19978383,86504,1038585,13100.67,13970.44,15.28
19978393,86504,1110104,13933.0571067,12381.212054000001,15.28
19978397,86504,115697,13085.94,12988.9,15.28
19978464,86504,335936,13429.7407482,13382.5863029,15.28
19978484,86505,1038585,13100.67,13970.44,15.28
19978494,86505,1110104,13920.3058174,12389.6312594,15.28
19978498,86505,115697,13085.94,12988.9,15.28
19978565,86505,335936,13414.7913716,13379.4248886,15.28
19978585,86506,1038585,13100.67,13970.44,15.28
19978595,86506,1110104,13907.554528,12398.050464799999,15.28
19978599,86506,115697,13097.6950019,12981.762953399999,15.28
19978666,86506,335936,13399.8419951,13376.263474299998,15.28
19978686,86507,1038585,13100.67,13970.44,15.28
19978696,86507,1110104,13894.8032387,12406.4696702,15.28
19978700,86507,115697,13110.7561151,12973.8329017,15.28
19978767,86507,335936,13384.8926185,13373.102060100002,15.28
19978787,86508,1038585,13103.712672700001,13970.154905200001,15.28
19978797,86508,1110104,13887.23,12411.47,15.28
19978801,86508,115697,13123.817228299999,12965.90285,15.28
19978868,86508,335936,13369.943242,13369.9406458,15.28
19978888,86509,1038585,13118.926036,13968.7294315,15.28
19978898,86509,1110104,13887.23,12411.47,15.28
19978902,86509,115697,13136.8783416,12957.9727982,15.28
19978969,86509,335936,13354.9938655,13366.7792315,15.28
19978989,86510,1038585,13134.139399299998,13967.303957700002,15.28
19978999,86510,1110104,13887.23,12411.47,15.28
19979003,86510,115697,13149.9394548,12950.042746500001,15.28
19979070,86510,335936,13340.0444889,13363.6178172,15.28
19979090,86511,1038585,13149.3527626,13965.878483899998,15.28
19979100,86511,1110104,13887.23,12411.47,15.28
19979104,86511,115697,13163.000568000001,12942.1126948,15.28
19979171,86511,335936,13325.0951124,13360.456403,15.28
19979191,86512,1038585,13164.566126,13964.453010100002,15.28
19979201,86512,1110104,13887.23,12411.47,15.28
19979205,86512,115697,13176.0616812,12934.182643,15.28
19979272,86512,335936,13310.145735799999,13357.294988700001,15.28
19979292,86513,1038585,13167.8,13964.15,15.28
19979302,86513,1110104,13883.400371599999,12413.9893258,15.28
19979306,86513,115697,13189.122794399998,12926.252591299999,15.28
19979373,86513,335936,13295.1963593,13354.1335744,15.28
19979393,86514,1038585,13167.8,13964.15,15.28
19979403,86514,1110104,13870.6349437,12422.3870784,15.28
19979407,86514,115697,13189.44,12926.06,15.28
19979474,86514,335936,13280.2469828,13350.9721602,15.28
19979494,86515,1038585,13167.8,13964.15,15.28
19979504,86515,1110104,13869.08,12423.41,15.28
19979508,86515,115697,13189.44,12926.06,15.28
19979575,86515,335936,13265.2976062,13347.810745899998,15.28
19979595,86516,1038585,13167.8,13964.15,15.28
19979605,86516,1110104,13869.08,12423.41,15.28
19979609,86516,115697,13189.44,12926.06,15.28
19979676,86516,335936,13251.77,13344.95,15.28
19979696,86517,1038585,13167.8,13964.15,15.28
19979706,86517,1110104,13869.08,12423.41,15.28
19979710,86517,115697,13189.44,12926.06,15.28
19979777,86517,335936,13246.297128100001,13332.333931799998,15.28
19979797,86518,1038585,13176.8284486,13962.5564695,15.28
19979807,86518,1110104,13869.08,12423.41,15.28
19979811,86518,115697,13189.44,12926.06,15.28
19979876,86518,335936,13240.216159399999,13318.316078200001,15.28
19979896,86519,1038585,13191.875862899999,13959.900585299998,15.28
19979906,86519,1110104,13869.08,12423.41,15.28
19979910,86519,115697,13189.44,12926.06,15.28
19979975,86519,335936,13234.1351907,13304.2982247,15.28
19979995,86520,1038585,13206.44,13957.33,15.28
19980005,86520,1110104,13863.19,12427.34,15.28
19980073,86520,335936,13228.0542219,13290.280371100002,15.28
19980093,86521,1038585,13206.44,13957.33,15.28
19980103,86521,1110104,13863.19,12427.34,15.28
19980171,86521,335936,13221.9732532,13276.2625176,15.28
19980191,86522,1038585,13206.44,13957.33,15.28
19980201,86522,1110104,13863.19,12427.34,15.28
19980269,86522,335936,13215.8922845,13262.244664,15.28
19980289,86523,1038585,13206.44,13957.33,15.28
19980299,86523,1110104,13863.19,12427.34,15.28
19980367,86523,335936,13209.8113158,13248.2268104,15.28
19980387,86524,1038585,13206.44,13957.33,15.28
19980397,86524,1110104,13863.19,12427.34,15.28
19980465,86524,335936,13203.730347,13234.2089569,15.28
19980485,86525,1038585,13206.44,13957.33,15.28
19980495,86525,1110104,13861.8808021,12428.1278991,15.28
19980563,86525,335936,13197.649378299999,13220.1911033,15.28
19980583,86526,1038585,13220.078002799999,13955.562973299999,15.28
19980593,86526,1110104,13848.788823500001,12436.006889799999,15.28
19980661,86526,335936,13191.5684096,13206.1732498,15.28
19980681,86527,1038585,13235.2313392,13953.599610199999,15.28
19980691,86527,1110104,13835.6968449,12443.8858806,15.28
19980759,86527,335936,13186.01,13193.36,15.28
19980779,86528,1038585,13250.3846756,13951.636247100001,15.28
19980789,86528,1110104,13835.69,12443.89,15.28
19980857,86528,335936,13179.3123854,13181.3491939,15.28
19980877,86529,1038585,13265.538012,13949.672884099999,15.28
19980887,86529,1110104,13835.69,12443.89,15.28
19980955,86529,335936,13171.870591399998,13168.0038539,15.28
19980975,86530,1038585,13280.6913485,13947.709521,15.28
19980985,86530,1110104,13835.69,12443.89,15.28
19981050,86530,335936,13164.4287974,13154.6585138,15.28
19981070,86531,1038585,13295.8446849,13945.746158000002,15.28
19981080,86531,1110104,13835.69,12443.89,15.28
19981145,86531,335936,13156.9870034,13141.3131738,15.28
19981165,86532,1038585,13303.07,13944.81,15.28
19981175,86532,1110104,13835.69,12443.89,15.28
19981240,86532,335936,13149.5452094,13127.9678337,15.28
19981260,86533,1038585,13303.07,13944.81,15.28
19981270,86533,1110104,13825.7521943,12451.0080189,15.28
19981335,86533,335936,13143.05,13116.32,15.28
19981355,86534,1038585,13303.07,13944.81,15.28
19981365,86534,1110104,13813.3299372,12459.9055426,15.28
19981430,86534,335936,13136.4626959,13102.532838500001,15.28
19981450,86535,1038585,13303.07,13944.81,15.28
19981460,86535,1110104,13800.907680000002,12468.8030662,15.28
19981525,86535,335936,13129.8753918,13088.7456769,15.28
19981545,86536,1038585,13303.07,13944.81,15.28
19981555,86536,1110104,13788.4854229,12477.700589799999,15.28
19981620,86536,335936,13123.2880876,13074.9585154,15.28
19981640,86537,1038585,13309.099807999999,13943.8110211,15.28
19981650,86537,1110104,13776.063165799998,12486.5981135,15.28
19981715,86537,335936,13122.08,13072.43,15.28
19981735,86538,1038585,13324.1743281,13941.3135738,15.28
19981745,86538,1110104,13763.640908700001,12495.4956371,15.28
19981810,86538,335936,13122.08,13072.43,15.28
19981830,86539,1038585,13339.2488482,13938.816126499998,15.28
19981840,86539,1110104,13751.2186515,12504.3931608,15.28
19981905,86539,335936,13122.08,13072.43,15.28
19981925,86540,1038585,13345.02,13937.86,15.28
19981935,86540,1110104,13738.7963944,12513.290684399999,15.28
19982000,86540,335936,13122.08,13072.43,15.28
19982020,86541,1038585,13345.02,13937.86,15.28
19982030,86541,1110104,13726.3741373,12522.1882081,15.28
19982095,86541,335936,13122.08,13072.43,15.28
19982115,86542,1038585,13345.02,13937.86,15.28
19982125,86542,1110104,13713.951880200002,12531.0857317,15.28
19982190,86542,335936,13122.08,13072.43,15.28
19982210,86543,1038585,13345.02,13937.86,15.28
19982220,86543,1110104,13701.529622999999,12539.983255399999,15.28
19982304,86544,1038585,13345.02,13937.86,15.28
19982314,86544,1110104,13689.107365900001,12548.880779000001,15.28
19982397,86545,1038585,13352.3887317,13935.842230700002,15.28
19982407,86545,1110104,13676.6851088,12557.7783027,15.28
19982490,86546,1038585,13367.1261951,13931.806692200002,15.28
19982500,86546,1110104,13664.262851700001,12566.6758263,15.28
19982583,86547,1038585,13381.863658499999,13927.7711536,15.28
19982593,86547,1110104,13651.8405945,12575.5733499,15.28
19982676,86548,1038585,13388.77,13925.88,15.28
19982686,86548,1110104,13639.418337399999,12584.4708736,15.28
19982769,86549,1038585,13388.77,13925.88,15.28
19982779,86549,1110104,13634.91,12587.7,15.28
19982861,86550,1038585,13388.77,13925.88,15.28
19982871,86550,1110104,13634.91,12587.7,15.28
19982952,86551,1038585,13388.77,13925.88,15.28
19982962,86551,1110104,13634.91,12587.7,15.28
19983043,86552,1038585,13388.77,13925.88,15.28
19983053,86552,1110104,13634.91,12587.7,15.28
19983134,86553,1038585,13394.625798000001,13924.128950799999,15.28
19983144,86553,1110104,13634.91,12587.7,15.28
19983224,86554,1038585,13409.265293200002,13919.751328,15.28
19983234,86554,1110104,13630.1459098,12593.6726915,15.28
19983314,86555,1038585,13423.904788299998,13915.3737051,15.28
19983324,86555,1110104,13620.617729299998,12605.6180746,15.28
19983404,86556,1038585,13438.544283399999,13910.9960822,15.28
19983414,86556,1110104,13611.0895488,12617.563457600001,15.28
19983494,86557,1038585,13453.183778499999,13906.6184593,15.28
19983504,86557,1110104,13601.561368399998,12629.5088407,15.28
19983584,86558,1038585,13456.69,13905.57,15.28
19983594,86558,1110104,13592.0331879,12641.4542237,15.28
19983673,86559,1038585,13456.69,13905.57,15.28
19983683,86559,1110104,13588.16,12646.31,15.28
19983762,86560,1038585,13456.69,13905.57,15.28
19983772,86560,1110104,13588.16,12646.31,15.28
19983851,86561,1038585,13456.69,13905.57,15.28
19983860,86561,1110104,13588.16,12646.31,15.28
19983938,86562,1038585,13456.69,13905.57,15.28
19983947,86562,1110104,13588.16,12646.31,15.28
19984025,86563,1038585,13465.7720458,13904.317535,15.28
19984034,86563,1110104,13588.16,12646.31,15.28
19984111,86564,1038585,13470.25,13903.7,15.28
19984120,86564,1110104,13587.1751245,12640.2778723,15.28
19984197,86565,1038585,13470.25,13903.7,15.28
19984206,86565,1110104,13584.7129359,12625.1975532,15.28
19984283,86566,1038585,13470.25,13903.7,15.28
19984292,86566,1110104,13582.250747299999,12610.117234000001,15.28
19984369,86567,1038585,13470.25,13903.7,15.28
19984378,86567,1110104,13579.7885586,12595.036914799999,15.28
19984455,86568,1038585,13470.25,13903.7,15.28
19984464,86568,1110104,13577.326369999999,12579.9565957,15.28
19984541,86569,1038585,13479.384597999999,13902.918116100001,15.28
19984550,86569,1110104,13574.8641814,12564.8762765,15.28
19984625,86570,1038585,13494.608928100002,13901.614976299998,15.28
19984634,86570,1110104,13572.4019927,12549.7959573,15.28
19984709,86571,1038585,13509.833258200002,13900.311836500001,15.28
19984718,86571,1110104,13569.9398041,12534.7156381,15.28
19984793,86572,1038585,13525.0575882,13899.0086967,15.28
19984802,86572,1110104,13567.4776154,12519.635318999999,15.28
19984877,86573,1038585,13540.2819183,13897.7055569,15.28
19984886,86573,1110104,13567.16,12517.69,15.28
19984961,86574,1038585,13555.506248299998,13896.402417,15.28
19984970,86574,1110104,13567.16,12517.69,15.28
19985045,86575,1038585,13570.730578400002,13895.0992772,15.28
19985054,86575,1110104,13567.16,12517.69,15.28
19985076,86575,1282204,12500.4527338,12716.414255299998,15.28
19985129,86576,1038585,13585.9549084,13893.796137399999,15.28
19985138,86576,1110104,13567.16,12517.69,15.28
19985160,86576,1282204,12509.356984999999,12728.831691,15.28
19985213,86577,1038585,13588.48,13893.58,15.28
19985222,86577,1110104,13567.16,12517.69,15.28
19985244,86577,1282204,12518.261236100001,12741.2491268,15.28
19985297,86578,1038585,13588.48,13893.58,15.28
19985306,86578,1110104,13563.175845700001,12507.7637253,15.28
19985328,86578,1282204,12526.96,12753.38,15.28
19985381,86579,1038585,13588.48,13893.58,15.28
19985390,86579,1110104,13557.4841968,12493.583332799999,15.28
19985412,86579,1282204,12526.96,12753.38,15.28
19985465,86580,1038585,13588.48,13893.58,15.28
19985474,86580,1110104,13551.792547799998,12479.4029403,15.28
19985496,86580,1282204,12526.96,12753.38,15.28
19985549,86581,1038585,13588.48,13893.58,15.28
19985558,86581,1110104,13546.100898899998,12465.222547799998,15.28
19985580,86581,1282204,12526.96,12753.38,15.28
19985633,86582,1038585,13596.39,13893.5,15.28
19985642,86582,1110104,13540.409249899998,12451.0421553,15.28
19985664,86582,1282204,12526.96,12753.38,15.28
19985716,86583,1038585,13596.39,13893.5,15.28
19985725,86583,1110104,13537.96,12444.94,15.28
19985747,86583,1282204,12526.96,12753.38,15.28
19985799,86584,1038585,13596.39,13893.5,15.28
19985808,86584,1110104,13537.96,12444.94,15.28
19985830,86584,1282204,12532.0103389,12766.171074299999,15.28
19985882,86585,1038585,13596.39,13893.5,15.28
19985891,86585,1110104,13537.96,12444.94,15.28
19985913,86585,1282204,12537.6218265,12780.383379,15.28
19985965,86586,1038585,13596.39,13893.5,15.28
19985974,86586,1110104,13537.96,12444.94,15.28
19985996,86586,1282204,12543.16,12794.41,15.28
19986048,86587,1038585,13596.39,13893.5,15.28
19986057,86587,1110104,13537.96,12444.94,15.28
19986079,86587,1282204,12550.6700941,12805.9302426,15.28
19986131,86588,1038585,13611.558994699999,13891.6615228,15.28
19986140,86588,1110104,13535.797359799999,12439.223398600001,15.28
19986162,86588,1282204,12559.014643200002,12818.7305121,15.28
19986214,86589,1038585,13626.727989399998,13889.8230457,15.28
19986223,86589,1110104,13530.390759200001,12424.9318953,15.28
19986245,86589,1282204,12567.359192200001,12831.5307817,15.28
19986297,86590,1038585,13641.8969842,13887.9845685,15.28
19986306,86590,1110104,13524.9841586,12410.6403919,15.28
19986328,86590,1282204,12575.7037412,12844.3310513,15.28
19986380,86591,1038585,13645.07,13887.6,15.28
19986389,86591,1110104,13519.577558,12396.3488885,15.28
19986411,86591,1282204,12584.0482903,12857.1313208,15.28
19986463,86592,1038585,13645.07,13887.6,15.28
19986472,86592,1110104,13514.1709574,12382.0573851,15.28
19986494,86592,1282204,12592.392839299999,12869.9315904,15.28
19986546,86593,1038585,13645.07,13887.6,15.28
19986555,86593,1110104,13508.7643567,12367.765881700001,15.28
19986577,86593,1282204,12600.737388299998,12882.7318599,15.28
19986629,86594,1038585,13645.07,13887.6,15.28
19986638,86594,1110104,13503.357756099998,12353.4743783,15.28
19986660,86594,1282204,12609.0819373,12895.5321295,15.28
19986712,86595,1038585,13645.07,13887.6,15.28
19986721,86595,1110104,13497.9511555,12339.1828749,15.28
19986743,86595,1282204,12617.4264864,12908.332398999999,15.28
19986795,86596,1038585,13654.220588,13888.1647681,15.28
19986804,86596,1110104,13492.5445549,12324.8913716,15.28
19986826,86596,1282204,12625.771035400001,12921.132668600001,15.28
19986878,86597,1038585,13669.471568,13889.106048299998,15.28
19986887,86597,1110104,13487.775563799998,12312.6267952,15.28
19986909,86597,1282204,12634.1155844,12933.932938099999,15.28
19986961,86598,1038585,13661.614313999999,13888.6211039,15.28
19986970,86598,1110104,13481.994109799998,12298.482779200001,15.28
19986992,86598,1282204,12641.93,12945.92,15.28
19987044,86599,1038585,13646.363334,13887.679823700002,15.28
19987053,86599,1110104,13476.2126558,12284.338763200001,15.28
19987075,86599,1282204,12650.076339700001,12956.9994699,15.28
19987127,86600,1038585,13645.07,13887.6,15.28
19987136,86600,1110104,13470.4312018,12270.194747200001,15.28
19987158,86600,1282204,12659.1278283,12969.3099919,15.28
19987210,86601,1038585,13645.07,13887.6,15.28
19987219,86601,1110104,13464.6497477,12256.0507312,15.28
19987241,86601,1282204,12668.1793169,12981.620514,15.28
19987293,86602,1038585,13645.07,13887.6,15.28
19987302,86602,1110104,13458.868293700001,12241.9067152,15.28
19987324,86602,1282204,12677.230805500001,12993.931036,15.28
19987376,86603,1038585,13645.07,13887.6,15.28
19987385,86603,1110104,13453.086839700001,12227.7626992,15.28
19987407,86603,1282204,12685.59,13005.3,15.28
19987459,86604,1038585,13645.07,13887.6,15.28
19987468,86604,1110104,13447.3053857,12213.6186832,15.28
19987490,86604,1282204,12692.539743899999,13017.166699700001,15.28
19987542,86605,1038585,13632.9348042,13889.0707817,15.28
19987551,86605,1110104,13441.5239317,12199.4746672,15.28
19987573,86605,1282204,12700.261681599999,13030.351921700001,15.28
19987625,86606,1038585,13617.7658095,13890.9092589,15.28
19987634,86606,1110104,13435.742477700001,12185.330651200002,15.28
19987656,86606,1282204,12707.9836194,13043.5371436,15.28
19987708,86607,1038585,13602.596814800001,13892.7477361,15.28
19987717,86607,1110104,13429.961023700002,12171.186635200002,15.28
19987739,86607,1282204,12714.65,13054.92,15.28
19987791,86608,1038585,13596.39,13893.5,15.28
19987800,86608,1110104,13424.1795696,12157.0426192,15.28
19987822,86608,1282204,12714.65,13054.92,15.28
19987874,86609,1038585,13596.39,13893.5,15.28
19987883,86609,1110104,13418.46,12143.05,15.28
19987905,86609,1282204,12714.65,13054.92,15.28
19987957,86610,1038585,13596.39,13893.5,15.28
19987966,86610,1110104,13413.4987515,12130.224107600001,15.28
19987988,86610,1282204,12714.65,13054.92,15.28
19988040,86611,1038585,13596.39,13893.5,15.28
19988048,86611,1110104,13407.9862532,12115.973116,15.28
19988070,86611,1282204,12714.65,13054.92,15.28
19988122,86612,1038585,13596.39,13893.5,15.28
19988129,86612,1110104,13402.4737549,12101.722124299999,15.28
19988151,86612,1282204,12714.65,13054.92,15.28
19988203,86613,1038585,13590.278312600001,13893.5618123,15.28
19988210,86613,1110104,13396.9612567,12087.4711327,15.28
19988232,86613,1282204,12724.849157999999,13066.2978546,15.28
19988284,86614,1038585,13588.48,13893.58,15.28
19988291,86614,1110104,13392.1124028,12074.635766200001,15.28
19988313,86614,1282204,12735.0483161,13077.6757091,15.28
19988365,86615,1038585,13588.48,13893.58,15.28
19988372,86615,1110104,13386.744406799999,12060.329717899998,15.28
19988394,86615,1282204,12745.2474741,13089.053563700001,15.28
19988445,86616,1038585,13588.48,13893.58,15.28
19988452,86616,1110104,13381.3764108,12046.023669600001,15.28
19988474,86616,1282204,12750.3,13094.69,15.28
19988525,86617,1038585,13588.48,13893.58,15.28
19988532,86617,1110104,13379.24,12040.33,15.28
19988554,86617,1282204,12750.3,13094.69,15.28
19988605,86618,1038585,13588.48,13893.58,15.28
19988612,86618,1110104,13379.24,12040.33,15.28
19988634,86618,1282204,12750.3,13094.69,15.28
19988685,86619,1038585,13577.822968999999,13894.492197900001,15.28
19988692,86619,1110104,13379.24,12040.33,15.28
19988714,86619,1282204,12750.3,13094.69,15.28
19988765,86620,1038585,13562.598638899999,13895.795337700001,15.28
19988772,86620,1110104,13379.24,12040.33,15.28
19988794,86620,1282204,12750.3,13094.69,15.28
19988845,86621,1038585,13547.3743088,13897.0984775,15.28
19988852,86621,1110104,13379.24,12040.33,15.28
19988874,86621,1282204,12753.5037377,13099.8950561,15.28
19988924,86622,1038585,13532.149978799998,13898.401617299998,15.28
19988931,86622,1110104,13379.24,12040.33,15.28
19988953,86622,1282204,12761.513081899999,13112.9076963,15.28
19989003,86623,1038585,13516.925648700002,13899.7047571,15.28
19989031,86623,1282204,12769.5224261,13125.9203365,15.28
19989081,86624,1038585,13501.701318700001,13901.007896899999,15.28
19989109,86624,1282204,12777.5317703,13138.932976600001,15.28
19989159,86625,1038585,13486.476988600001,13902.3110368,15.28
19989187,86625,1282204,12785.5411145,13151.9456168,15.28
19989237,86626,1038585,13471.252658500001,13903.6141766,15.28
19989265,86626,1282204,12793.5504586,13164.958256999998,15.28
19989315,86627,1038585,13470.25,13903.7,15.28
19989342,86627,1282204,12801.5598028,13177.9708972,15.28
19989392,86628,1038585,13470.25,13903.7,15.28
19989419,86628,1282204,12809.569147,13190.9835374,15.28
19989469,86629,1038585,13470.25,13903.7,15.28
19989496,86629,1282204,12817.5784912,13203.9961776,15.28
19989546,86630,1038585,13470.25,13903.7,15.28
19989573,86630,1282204,12825.5878354,13217.008817799999,15.28
19989622,86631,1038585,13470.25,13903.7,15.28
19989648,86631,1282204,12833.597179600001,13230.021458,15.28
19989697,86632,1038585,13458.1406057,13905.3699533,15.28
19989723,86632,1282204,12840.81,13241.74,15.28
19989772,86633,1038585,13456.69,13905.57,15.28
19989798,86633,1282204,12840.81,13241.74,15.28
19989847,86634,1038585,13456.69,13905.57,15.28
19989873,86634,1282204,12840.81,13241.74,15.28
19989922,86635,1038585,13456.69,13905.57,15.28
19989947,86635,1282204,12840.81,13241.74,15.28
19989996,86636,1038585,13456.69,13905.57,15.28
19990021,86636,1282204,12840.81,13241.74,15.28
19990070,86637,1038585,13456.69,13905.57,15.28
19990095,86637,1282204,12840.81,13241.74,15.28
19990144,86638,1038585,13444.9784039,13909.072098299997,15.28
19990168,86638,1282204,12827.9739208,13246.6748328,15.28
19990217,86639,1038585,13430.3389088,13913.4497212,15.28
19990241,86639,1282204,12817.53,13250.69,15.28
19990290,86640,1038585,13415.6994137,13917.827344100002,15.28
19990314,86640,1282204,12817.53,13250.69,15.28
19990363,86641,1038585,13401.0599186,13922.2049669,15.28
19990387,86641,1282204,12817.53,13250.69,15.28
19990436,86642,1038585,13388.77,13925.88,15.28
19990460,86642,1282204,12817.53,13250.69,15.28
19990509,86643,1038585,13388.77,13925.88,15.28
19990533,86643,1282204,12817.53,13250.69,15.28
19990582,86644,1038585,13388.77,13925.88,15.28
19990606,86644,1282204,12816.3788594,13251.694818,15.28
19990655,86645,1038585,13388.77,13925.88,15.28
19990679,86645,1282204,12804.8674529,13261.7429979,15.28
19990728,86646,1038585,13388.77,13925.88,15.28
19990752,86646,1282204,12793.3560464,13271.7911779,15.28
19990801,86647,1038585,13388.77,13925.88,15.28
19990825,86647,1282204,12781.844640000001,13281.8393578,15.28
19990874,86648,1038585,13374.0325366,13929.9155386,15.28
19990898,86648,1282204,12770.3332335,13291.8875378,15.28
19990947,86649,1038585,13359.2950732,13933.9510771,15.28
19990971,86649,1282204,12758.821827,13301.9357177,15.28
19991020,86650,1038585,13345.02,13937.86,15.28
19991044,86650,1282204,12747.3104206,13311.983897700002,15.28
19991093,86651,1038585,13345.02,13937.86,15.28
19991117,86651,1282204,12735.799014100001,13322.032077700002,15.28
19991166,86652,1038585,13345.02,13937.86,15.28
19991190,86652,1282204,12728.71,13328.22,15.28
19991239,86653,1038585,13345.02,13937.86,15.28
19991263,86653,1282204,12728.71,13328.22,15.28
19991312,86654,1038585,13345.02,13937.86,15.28
19991336,86654,1282204,12728.71,13328.22,15.28
19991385,86655,1038585,13345.02,13937.86,15.28
19991409,86655,1282204,12728.71,13328.22,15.28
19991458,86656,1038585,13331.4529319,13940.107702599998,15.28
19991482,86656,1282204,12728.71,13328.22,15.28
19991531,86657,1038585,13316.378411799999,13942.605149899999,15.28
19991555,86657,1282204,12726.3878354,13330.206627200001,15.28
19991604,86658,1038585,13303.07,13944.81,15.28
19991628,86658,1282204,12717.36,13337.93,15.28
19991677,86659,1038585,13303.07,13944.81,15.28
19991701,86659,1282204,12717.36,13337.93,15.28
19991750,86660,1038585,13303.07,13944.81,15.28
19991774,86660,1282204,12717.36,13337.93,15.28
19991823,86661,1038585,13303.07,13944.81,15.28
19991847,86661,1282204,12717.36,13337.93,15.28
19991896,86662,1038585,13303.07,13944.81,15.28
19991920,86662,1282204,12717.36,13337.93,15.28
19991969,86663,1038585,13303.07,13944.81,15.28
19991992,86663,1282204,12716.368386,13339.092534200001,15.28
19992041,86664,1038585,13287.9166636,13946.773363100001,15.28
19992064,86664,1282204,12706.4522463,13350.717876,15.28
19992113,86665,1038585,13272.763327200002,13948.7367261,15.28
19992136,86665,1282204,12696.5361065,13362.3432177,15.28
19992185,86666,1038585,13257.6099907,13950.700089200001,15.28
19992208,86666,1282204,12688.7,13371.53,15.28
19992257,86667,1038585,13242.4566543,13952.663452200002,15.28
19992280,86667,1282204,12688.7,13371.53,15.28
19992329,86668,1038585,13227.3033179,13954.6268153,15.28
19992352,86668,1282204,12688.7,13371.53,15.28
19992401,86669,1038585,13212.1499815,13956.590178299999,15.28
19992424,86669,1282204,12688.7,13371.53,15.28
19992473,86670,1038585,13206.44,13957.33,15.28
19992496,86670,1282204,12688.7,13371.53,15.28
19992545,86671,1038585,13206.44,13957.33,15.28
19992568,86671,1282204,12687.5782698,13370.492452200002,15.28
19992617,86672,1038585,13206.44,13957.33,15.28
19992640,86672,1282204,12676.360968100002,13360.1169743,15.28
19992688,86673,1038585,13206.44,13957.33,15.28
19992711,86673,1282204,12672.71,13356.74,15.28
19992759,86674,1038585,13206.44,13957.33,15.28
19992782,86674,1282204,12672.71,13356.74,15.28
19992830,86675,1038585,13198.916292799999,13958.6579421,15.28
19992853,86675,1282204,12672.71,13356.74,15.28
19992901,86676,1038585,13183.8688785,13961.313826299998,15.28
19992924,86676,1282204,12672.71,13356.74,15.28
19992972,86677,1038585,13168.8214642,13963.9697105,15.28
19992995,86677,1282204,12672.71,13356.74,15.28
19993043,86678,1038585,13167.8,13964.15,15.28
19993066,86678,1282204,12667.1793984,13351.4691324,15.28
19993113,86679,1038585,13167.8,13964.15,15.28
19993136,86679,1282204,12656.1181952,13340.9273971,15.28
19993183,86680,1038585,13167.8,13964.15,15.28
19993206,86680,1282204,12645.056992,13330.385661799999,15.28
19993253,86681,1038585,13167.8,13964.15,15.28
19993276,86681,1282204,12633.995788799999,13319.8439265,15.28
19993323,86682,1038585,13167.8,13964.15,15.28
19993346,86682,1282204,12624.8,13311.08,15.28
19993393,86683,1038585,13155.629309299999,13965.290379,15.28
19993416,86683,1282204,12624.8,13311.08,15.28
19993463,86684,1038585,13140.415946,13966.7158528,15.28
19993486,86684,1282204,12624.8,13311.08,15.28
19993533,86685,1038585,13125.202582700002,13968.1413266,15.28
19993556,86685,1282204,12624.8,13311.08,15.28
19993603,86686,1038585,13109.989219399999,13969.5668004,15.28
19993626,86686,1282204,12624.8,13311.08,15.28
19993673,86687,1038585,13100.67,13970.44,15.28
19993696,86687,1282204,12624.8,13311.08,15.28
19993743,86688,1038585,13100.67,13970.44,15.28
19993766,86688,1282204,12613.2211759,13301.109582100002,15.28
19993813,86689,1038585,13100.67,13970.44,15.28
19993835,86689,1282204,12601.6423519,13291.1391642,15.28
19993882,86690,1038585,13100.67,13970.44,15.28
19993904,86690,1282204,12590.063527799999,13281.1687464,15.28
19993951,86691,1038585,13100.67,13970.44,15.28
19993972,86691,1282204,12578.484703799999,13271.198328499999,15.28
19994019,86692,1038585,13097.6145686,13970.498949200002,15.28
19994040,86692,1282204,12566.9058797,13261.2279106,15.28
19994086,86693,1038585,13082.337411700002,13970.793695299997,15.28
19994107,86693,1282204,12555.327055700001,13251.2574927,15.28
19994153,86694,1038585,13067.060254799999,13971.0884415,15.28
19994174,86694,1282204,12543.7482316,13241.2870748,15.28
19994220,86695,1038585,13051.783097799998,13971.383187600002,15.28
19994241,86695,1282204,12532.1694076,13231.316657,15.28
19994287,86696,1038585,13051.43,13971.39,15.28
19994308,86696,1282204,12520.5905835,13221.3462391,15.28
19994354,86697,1038585,13051.43,13971.39,15.28
19994375,86697,1282204,12509.0117595,13211.375821200001,15.28
19994421,86698,1038585,13051.43,13971.39,15.28
19994488,86699,1038585,13051.43,13971.39,15.28
19994555,86700,1038585,13051.43,13971.39,15.28
19994622,86701,1038585,13039.207975,13971.1702727,15.28
19994688,86702,1038585,13023.930443700001,13970.895613499999,15.28
19994754,86703,1038585,13008.6529125,13970.620954299999,15.28
19994774,86703,1282204,12508.568589700002,13210.9942119,15.28
19994819,86704,1038585,12993.375381200001,13970.3462951,15.28
19994839,86704,1282204,12520.1474138,13220.9646297,15.28
19994884,86705,1038585,12978.0978499,13970.0716359,15.28
19994904,86705,1282204,12531.726237899999,13230.935047600002,15.28
19994949,86706,1038585,12962.8203187,13969.796976700001,15.28
19994969,86706,1282204,12543.3050619,13240.9054655,15.28
19995014,86707,1038585,12952.42,13969.61,15.28
19995034,86707,1282204,12554.883886,13250.8758834,15.28
19995079,86708,1038585,12952.42,13969.61,15.28
19995099,86708,1282204,12566.46271,13260.8463013,15.28
19995144,86709,1038585,12952.42,13969.61,15.28
19995164,86709,1282204,12578.0415341,13270.8167191,15.28
19995209,86710,1038585,12952.42,13969.61,15.28
19995229,86710,1282204,12589.6203581,13280.787137000001,15.28
19995274,86711,1038585,12952.42,13969.61,15.28
19995294,86711,1282204,12601.199182200002,13290.7575549,15.28
19995339,86712,1038585,12949.3745066,13969.8631917,15.28
19995359,86712,1282204,12612.7780062,13300.7279728,15.28
19995404,86713,1038585,12934.147039700001,13971.1291502,15.28
19995424,86713,1282204,12624.3568303,13310.698390700001,15.28
19995469,86714,1038585,12918.919572799998,13972.3951087,15.28
19995489,86714,1282204,12633.6489626,13319.513388200001,15.28
19995533,86715,1038585,12910.08,13973.13,15.28
19995553,86715,1282204,12644.7101658,13330.0551235,15.28
19995597,86716,1038585,12910.08,13973.13,15.28
19995617,86716,1282204,12655.7713689,13340.5968588,15.28
19995660,86717,1038585,12910.08,13973.13,15.28
19995680,86717,1282204,12666.8325721,13351.1385941,15.28
19995723,86718,1038585,12910.08,13973.13,15.28
19995743,86718,1282204,12676.0751905,13359.8526434,15.28
19995786,86719,1038585,12910.08,13973.13,15.28
19995806,86719,1282204,12687.2924922,13370.2281213,15.28
19995849,86720,1038585,12905.5828504,13972.241911500001,15.28
19995869,86720,1282204,12695.641297799999,13363.3922608,15.28
19995912,86721,1038585,12890.5923516,13969.281616600001,15.28
19995932,86721,1282204,12705.5574376,13351.766919,15.28
19995975,86722,1038585,12875.6018529,13966.321321599999,15.28
19995995,86722,1282204,12715.4735773,13340.141577200002,15.28
19996038,86723,1038585,12860.611354100001,13963.361026700002,15.28
19996058,86723,1282204,12725.4875761,13330.9768049,15.28
19996101,86724,1038585,12845.6208553,13960.4007317,15.28
19996121,86724,1282204,12735.6168439,13322.191092000001,15.28
19996164,86725,1038585,12830.6303566,13957.4404368,15.28
19996184,86725,1282204,12747.128250299998,13312.1429121,15.28
19996227,86726,1038585,12815.639857799999,13954.4801419,15.28
19996247,86726,1282204,12758.639656799998,13302.0947321,15.28
19996290,86727,1038585,12800.6493591,13951.519846899999,15.28
19996310,86727,1282204,12770.151063299998,13292.046552200001,15.28
19996353,86728,1038585,12785.658860299998,13948.559552,15.28
19996372,86728,1282204,12781.6624697,13281.9983722,15.28
19996415,86729,1038585,12770.6683616,13945.599257,15.28
19996434,86729,1282204,12793.1738762,13271.950192299999,15.28
19996477,86730,1038585,12755.6778628,13942.6389621,15.28
19996496,86730,1282204,12804.6852827,13261.9020123,15.28
19996539,86731,1038585,12740.687364,13939.6786671,15.28
19996558,86731,1282204,12816.196689100001,13251.8538324,15.28
19996601,86732,1038585,12725.6968653,13936.7183722,15.28
19996620,86732,1282204,12817.53,13250.69,15.28
19996663,86733,1038585,12725.3,13936.64,15.28
19996681,86733,1282204,12817.53,13250.69,15.28
19996724,86734,1038585,12725.3,13936.64,15.28
19996742,86734,1282204,12817.53,13250.69,15.28
19996785,86735,1038585,12725.3,13936.64,15.28
19996802,86735,1282204,12817.53,13250.69,15.28
19996845,86736,1038585,12725.3,13936.64,15.28
19996862,86736,1282204,12817.53,13250.69,15.28
19996905,86737,1038585,12725.3,13936.64,15.28
19996922,86737,1282204,12817.53,13250.69,15.28
19996964,86738,1038585,12713.1392485,13935.398106499999,15.28
19997022,86739,1038585,12697.9383092,13933.845739700002,15.28
19997080,86740,1038585,12688.09,13932.84,15.28
19997138,86741,1038585,12688.09,13932.84,15.28
19997196,86742,1038585,12688.09,13932.84,15.28
19997253,86743,1038585,12688.09,13932.84,15.28
19997309,86744,1038585,12688.09,13932.84,15.28
19997365,86745,1038585,12688.3384956,13929.794119799999,15.28
19997421,86746,1038585,12689.5809734,13914.5647191,15.28
19997477,86747,1038585,12690.823451299999,13899.3353183,15.28
19997533,86748,1038585,12692.065929100001,13884.105917500001,15.28
19997589,86749,1038585,12693.308406999999,13868.8765167,15.28
19997645,86750,1038585,12694.27,13857.09,15.28
19997701,86751,1038585,12694.27,13857.09,15.28
19997757,86752,1038585,12694.27,13857.09,15.28
19997813,86753,1038585,12694.27,13857.09,15.28
19997869,86754,1038585,12694.27,13857.09,15.28
19997925,86755,1038585,12694.675838299998,13855.616881099999,15.28
19997981,86756,1038585,12698.734221200002,13840.885692200001,15.28
19998037,86757,1038585,12702.792604,13826.154503200001,15.28
19998093,86758,1038585,12706.8509869,13811.4233143,15.28
19998149,86759,1038585,12710.9093698,13796.692125299998,15.28
19998205,86760,1038585,12714.967752600001,13781.960936399999,15.28
19998261,86761,1038585,12719.0261355,13767.2297475,15.28
19998317,86762,1038585,12723.0845184,13752.498558500001,15.28
19998373,86763,1038585,12723.85,13749.72,15.28
19998429,86764,1038585,12723.85,13749.72,15.28
19998485,86765,1038585,12723.85,13749.72,15.28
19998541,86766,1038585,12723.85,13749.72,15.28
19998596,86767,1038585,12723.85,13749.72,15.28
19998651,86768,1038585,12726.6120063,13739.386765399999,15.28
19998706,86769,1038585,12730.557729600001,13724.625001700002,15.28
19998759,86770,1038585,12734.5034528,13709.8632381,15.28
19998812,86771,1038585,12738.4491761,13695.101474399999,15.28
19998865,86772,1038585,12742.3948994,13680.3397107,15.28
19998918,86773,1038585,12743.75,13675.27,15.28
19998971,86774,1038585,12743.75,13675.27,15.28
19999024,86775,1038585,12743.75,13675.27,15.28
19999077,86776,1038585,12743.75,13675.27,15.28
19999130,86777,1038585,12743.75,13675.27,15.28
19999183,86778,1038585,12745.5641201,13667.848506400001,15.28
19999236,86779,1038585,12749.192360299998,13653.005519100001,15.28
19999289,86780,1038585,12752.8206006,13638.162531799999,15.28
19999342,86781,1038585,12756.4488408,13623.3195445,15.28
19999395,86782,1038585,12760.077081,13608.4765572,15.28
19999448,86783,1038585,12763.7053213,13593.6335699,15.28
19999501,86784,1038585,12767.3335615,13578.7905826,15.28
19999554,86785,1038585,12770.961801700001,13563.947595299998,15.28
19999607,86786,1038585,12774.590042,13549.104608000001,15.28
19999660,86787,1038585,12778.218282200001,13534.261620700001,15.28
19999713,86788,1038585,12781.8465224,13519.418633399999,15.28
19999766,86789,1038585,12785.4747627,13504.5756461,15.28
19999819,86790,1038585,12789.1030029,13489.7326588,15.28
19999871,86791,1038585,12792.731243100001,13474.889671500001,15.28
19999923,86792,1038585,12796.3594834,13460.0466842,15.28
19999975,86793,1038585,12796.85,13458.04,15.28
20000027,86794,1038585,12796.85,13458.04,15.28
20000079,86795,1038585,12796.85,13458.04,15.28
20000131,86796,1038585,12796.85,13458.04,15.28
20000183,86797,1038585,12796.85,13458.04,15.28
20000235,86798,1038585,12800.9814685,13448.174130399999,15.28
20000287,86799,1038585,12806.883566299999,13434.080030899999,15.28
20000339,86800,1038585,12812.7856642,13419.985931399999,15.28
20000391,86801,1038585,12813.99,13417.11,15.28
20000443,86802,1038585,12813.99,13417.11,15.28
20000495,86803,1038585,12813.99,13417.11,15.28
20000547,86804,1038585,12813.99,13417.11,15.28
20000599,86805,1038585,12813.99,13417.11,15.28
20000651,86806,1038585,12816.803370200001,13408.384338299998,15.28
20000703,86807,1038585,12821.4923206,13393.8415689,15.28
20000755,86808,1038585,12826.181271,13379.2987994,15.28
20000807,86809,1038585,12830.8702214,13364.75603,15.28
20000858,86810,1038585,12835.5591718,13350.2132605,15.28
20000908,86811,1038585,12840.2481222,13335.6704911,15.28
20000958,86812,1038585,12844.937072499999,13321.1277216,15.28
20001008,86813,1038585,12849.6260229,13306.5849521,15.28
20001058,86814,1038585,12854.3149733,13292.042182700001,15.28
20001107,86815,1038585,12859.0039237,13277.499413200001,15.28
20001156,86816,1038585,12863.6928741,13262.9566438,15.28
20001205,86817,1038585,12864.73,13259.74,15.28
20001254,86818,1038585,12864.73,13259.74,15.28
20001303,86819,1038585,12864.73,13259.74,15.28
20001352,86820,1038585,12864.73,13259.74,15.28
20001401,86821,1038585,12864.73,13259.74,15.28
20001450,86822,1038585,12871.949467899998,13265.3907971,15.28
20001499,86823,1038585,12883.981914299999,13274.8087921,15.28
20001548,86824,1038585,12896.0143608,13284.226787200001,15.28
20001597,86825,1038585,12908.0468072,13293.6447823,15.28
20001646,86826,1038585,12913.1,13297.6,15.28
20001694,86827,1038585,12913.1,13297.6,15.28
20001742,86828,1038585,12913.1,13297.6,15.28
20001790,86829,1038585,12913.1,13297.6,15.28
20001838,86830,1038585,12913.1,13297.6,15.28
20001886,86831,1038585,12919.2069206,13297.350870999999,15.28
20001934,86832,1038585,12934.4742219,13296.7280486,15.28
20001981,86833,1038585,12949.7415233,13296.105226200001,15.28
20002028,86834,1038585,12959.92,13295.69,15.28
20002074,86835,1038585,12959.92,13295.69,15.28
20002120,86836,1038585,12959.92,13295.69,15.28
20002166,86837,1038585,12959.92,13295.69,15.28
20002212,86838,1038585,12959.92,13295.69,15.28
20002258,86839,1038585,12962.9139203,13295.0771566,15.28
20002304,86840,1038585,12976.53,13292.29,15.28
20002350,86841,1038585,12976.53,13292.29,15.28
20002396,86842,1038585,12976.53,13292.29,15.28
20002442,86843,1038585,12976.53,13292.29,15.28
20002488,86844,1038585,12976.53,13292.29,15.28
20002534,86845,1038585,12976.53,13292.29,15.28
20002580,86846,1038585,12990.2363679,13291.1706336,15.28
20002625,86847,1038585,13005.4656656,13289.9268931,15.28
20002670,86848,1038585,13020.694963400001,13288.6831526,15.28
20002715,86849,1038585,13035.9242611,13287.4394121,15.28
20002760,86850,1038585,13046.57,13286.57,15.28
20002804,86851,1038585,13046.57,13286.57,15.28
20002848,86852,1038585,13046.57,13286.57,15.28
20002892,86853,1038585,13046.57,13286.57,15.28
20002936,86854,1038585,13046.57,13286.57,15.28
20002980,86855,1038585,13049.3097252,13287.9238988,15.28
20003024,86856,1038585,13063.008351100001,13294.6933925,15.28
20003067,86857,1038585,13076.7069771,13301.4628863,15.28
20003110,86858,1038585,13090.4056031,13308.2323801,15.28
20003153,86859,1038585,13104.104229,13315.001873899999,15.28
20003196,86860,1038585,13117.802855,13321.7713677,15.28
20003239,86861,1038585,13131.5014809,13328.540861399999,15.28
20003282,86862,1038585,13145.2001069,13335.3103552,15.28
20003325,86863,1038585,13146.11,13335.76,15.28
20003368,86864,1038585,13146.11,13335.76,15.28
20003411,86865,1038585,13146.11,13335.76,15.28
20003454,86866,1038585,13146.11,13335.76,15.28
20003497,86867,1038585,13146.11,13335.76,15.28
20003540,86868,1038585,13157.9318019,13338.8698513,15.28
20003582,86869,1038585,13172.7090543,13342.7571655,15.28
20003624,86870,1038585,13184.01,13345.73,15.28
20003666,86871,1038585,13184.01,13345.73,15.28
20003708,86872,1038585,13184.01,13345.73,15.28
20003750,86873,1038585,13184.01,13345.73,15.28
20003792,86874,1038585,13184.01,13345.73,15.28
20003834,86875,1038585,13185.5378988,13345.712412,15.28
20003876,86876,1038585,13200.816886499999,13345.5365323,15.28
20003918,86877,1038585,13216.095874200002,13345.3606526,15.28
20003960,86878,1038585,13231.3748619,13345.1847728,15.28
20004002,86879,1038585,13246.653849600001,13345.008893100001,15.28
20004044,86880,1038585,13251.77,13344.95,15.28
20004086,86881,1038585,13251.77,13344.95,15.28
20004128,86882,1038585,13251.77,13344.95,15.28
20004170,86883,1038585,13251.77,13344.95,15.28
20004212,86884,1038585,13251.77,13344.95,15.28
20004254,86885,1038585,13259.2446883,13346.5307071,15.28
20004295,86886,1038585,13274.194064799998,13349.6921214,15.28
20004335,86887,1038585,13289.143441299999,13352.8535357,15.28
20004375,86888,1038585,13304.092817899998,13356.01495,15.28
20004415,86889,1038585,13319.042194399999,13359.1763642,15.28
20004454,86890,1038585,13333.991570999999,13362.3377785,15.28
20004493,86891,1038585,13348.9409475,13365.499192799998,15.28
20004532,86892,1038585,13363.890324,13368.660607,15.28
20004571,86893,1038585,13378.8397006,13371.8220213,15.28
20004610,86894,1038585,13393.7890771,13374.983435600001,15.28
20004649,86895,1038585,13408.7384537,13378.1448499,15.28
20004687,86896,1038585,13423.687830200002,13381.3062641,15.28
20004725,86897,1038585,13438.6372067,13384.4676784,15.28
20004763,86898,1038585,13447.68,13386.38,15.28
20004801,86899,1038585,13447.68,13386.38,15.28
20004839,86900,1038585,13447.68,13386.38,15.28
20004877,86901,1038585,13447.68,13386.38,15.28
20004915,86902,1038585,13447.68,13386.38,15.28
20004953,86903,1038585,13450.6839463,13386.9416427,15.28
20004991,86904,1038585,13465.7036779,13389.7498562,15.28
20005028,86905,1038585,13480.723409399998,13392.5580698,15.28
20005065,86906,1038585,13495.743140999999,13395.366283299998,15.28
20005102,86907,1038585,13499.4,13396.05,15.28
20005139,86908,1038585,13499.4,13396.05,15.28
20005176,86909,1038585,13499.4,13396.05,15.28
20005210,86910,1038585,13499.4,13396.05,15.28
20005244,86911,1038585,13499.4,13396.05,15.28
20005278,86912,1038585,13508.5243618,13395.1565541,15.28
20005312,86913,1038585,13523.731631400002,13393.667477500001,15.28
20005346,86914,1038585,13538.9389011,13392.178401000001,15.28
20005380,86915,1038585,13549.85,13391.11,15.28
20005414,86916,1038585,13549.85,13391.11,15.28
20005448,86917,1038585,13549.85,13391.11,15.28
20005482,86918,1038585,13549.85,13391.11,15.28
20005516,86919,1038585,13549.85,13391.11,15.28
20005550,86920,1038585,13551.2597961,13390.520713200001,15.28
20005584,86921,1038585,13565.357757,13384.6278448,15.28
20005618,86922,1038585,13579.455717899998,13378.7349764,15.28
20005651,86923,1038585,13581.86,13377.73,15.28
20005684,86924,1038585,13581.86,13377.73,15.28
20005717,86925,1038585,13581.86,13377.73,15.28
20005750,86926,1038585,13581.86,13377.73,15.28
20005783,86927,1038585,13581.86,13377.73,15.28
20005816,86928,1038585,13590.625162600001,13371.600045700001,15.28
20005849,86929,1038585,13603.146823500001,13362.842968100002,15.28
20005882,86930,1038585,13606.64,13360.4,15.28
20005915,86931,1038585,13606.64,13360.4,15.28
20005948,86932,1038585,13606.64,13360.4,15.28
20005981,86933,1038585,13606.64,13360.4,15.28
20006014,86934,1038585,13606.64,13360.4,15.28
20006047,86935,1038585,13614.273667700001,13355.3226639,15.28
20006080,86936,1038585,13626.996447100002,13346.8604371,15.28
20006113,86937,1038585,13639.7192266,13338.3982104,15.28
20006146,86938,1038585,13652.442006000001,13329.9359836,15.28
20006179,86939,1038585,13665.1647855,13321.473756799998,15.28
20006212,86940,1038585,13677.887564899998,13313.01153,15.28
20006245,86941,1038585,13690.6103444,13304.549303200001,15.28
20006278,86942,1038585,13703.333123800001,13296.0870765,15.28
20006310,86943,1038585,13708.2,13292.85,15.28
20006342,86944,1038585,13708.2,13292.85,15.28
20006374,86945,1038585,13708.2,13292.85,15.28
20006406,86946,1038585,13708.2,13292.85,15.28
20006438,86947,1038585,13708.2,13292.85,15.28
20006470,86948,1038585,13714.355455500001,13288.3245201,15.28
20006502,86949,1038585,13726.6663664,13279.2735604,15.28
20006534,86950,1038585,13738.9772773,13270.2226007,15.28
20006566,86951,1038585,13751.2881882,13261.171640999999,15.28
20006598,86952,1038585,13763.5990991,13252.1206812,15.28
20006630,86953,1038585,13766.47,13250.01,15.28
20006662,86954,1038585,13766.47,13250.01,15.28
20006694,86955,1038585,13766.47,13250.01,15.28
20006726,86956,1038585,13766.47,13250.01,15.28
20006758,86957,1038585,13766.47,13250.01,15.28
20006790,86958,1038585,13771.8676836,13257.420616399999,15.28
20006822,86959,1038585,13780.8638229,13269.771643799999,15.28
20006854,86960,1038585,13789.8599622,13282.122671100002,15.28
20006886,86961,1038585,13798.856101499998,13294.4736985,15.28
20006918,86962,1038585,13805.03,13302.95,15.28
20006950,86963,1038585,13805.03,13302.95,15.28
20006982,86964,1038585,13805.03,13302.95,15.28
20007014,86965,1038585,13805.03,13302.95,15.28
20007046,86966,1038585,13805.03,13302.95,15.28
20007078,86967,1038585,13804.099988299999,13305.861050399999,15.28
20007110,86968,1038585,13799.449929700002,13320.4163021,15.28
20007142,86969,1038585,13794.799871000001,13334.971553899999,15.28
20007174,86970,1038585,13791.12,13346.49,15.28
20007206,86971,1038585,13791.12,13346.49,15.28
20007238,86972,1038585,13791.12,13346.49,15.28
20007270,86973,1038585,13791.12,13346.49,15.28
20007302,86974,1038585,13791.12,13346.49,15.28
20007334,86975,1038585,13790.5750069,13347.9175036,15.28
20007366,86976,1038585,13785.1250756,13362.192539399999,15.28
20007398,86977,1038585,13779.6751444,13376.4675753,15.28
20007430,86978,1038585,13774.2252131,13390.7426111,15.28
20007462,86979,1038585,13768.7752819,13405.017647,15.28
20007494,86980,1038585,13763.325350600002,13419.2926828,15.28
20007525,86981,1038585,13757.875419400001,13433.5677187,15.28
20007556,86982,1038585,13752.425488100002,13447.8427545,15.28
20007587,86983,1038585,13746.9755569,13462.117790399998,15.28
20007618,86984,1038585,13741.525625600001,13476.392826199999,15.28
20007649,86985,1038585,13736.0756943,13490.6678621,15.28
20007680,86986,1038585,13732.07,13501.16,15.28
20007711,86987,1038585,13732.07,13501.16,15.28
20007742,86988,1038585,13732.07,13501.16,15.28
20007773,86989,1038585,13732.07,13501.16,15.28
20007804,86990,1038585,13732.07,13501.16,15.28
20007835,86991,1038585,13731.7401801,13502.651979499999,15.28
20007866,86992,1038585,13728.441981299999,13517.5717745,15.28
20007897,86993,1038585,13725.1437825,13532.4915696,15.28
20007928,86994,1038585,13721.845583700002,13547.4113646,15.28
20007959,86995,1038585,13718.547385,13562.331159600002,15.28
20007990,86996,1038585,13715.249186200002,13577.250954700003,15.28
20008020,86997,1038585,13711.950987399998,13592.1707497,15.28
20008050,86998,1038585,13708.6527886,13607.0905447,15.28
20008080,86999,1038585,13705.3545898,13622.010339800001,15.28
20008110,87000,1038585,13702.056391,13636.930134799999,15.28
20008140,87001,1038585,13698.758192200003,13651.849929799997,15.28
20008170,87002,1038585,13695.459993399998,13666.769724899998,15.28
20008200,87003,1038585,13692.1617946,13681.689519900001,15.28
20008230,87004,1038585,13692.06,13682.15,15.28
20008260,87005,1038585,13692.06,13682.15,15.28
20008290,87006,1038585,13692.06,13682.15,15.28
20008320,87007,1038585,13692.06,13682.15,15.28
20008350,87008,1038585,13692.06,13682.15,15.28
20008380,87009,1038585,13688.512508599999,13693.847926299999,15.28
20008409,87010,1038585,13684.0781443,13708.470334200001,15.28
20008438,87011,1038585,13679.64378,13723.0927421,15.28
20008467,87012,1038585,13676.33,13734.02,15.28
20008496,87013,1038585,13676.33,13734.02,15.28
20008523,87014,1038585,13676.33,13734.02,15.28
20008550,87015,1038585,13676.33,13734.02,15.28
20008577,87016,1038585,13676.33,13734.02,15.28
20008604,87017,1038585,13676.33,13734.02,15.28
